Penang Pork Satay,290,2 1/2 pounds pork satay,"['2 ½ inch piece turmeric root, peeled and sliced thinly across the grain', '1 teaspoon ground turmeric, or to taste', '1 (2 inch) piece fresh ginger root, sliced', '1 large shallot, roughly chopped', '8 cloves garlic, peeled, or more to taste', '¼ cup light brown sugar', '3 tablespoons ancho chili powder', '2 teaspoons ground coriander', '1 teaspoon chipotle chili powder', '½ teaspoon cayenne pepper', '¼ cup rice vinegar', '2 tablespoons soy sauce', '1 tablespoon fish sauce', '1 teaspoon tamarind paste', '½ bunch lightly packed cilantro leaves and stems', '1 (2 1/2 pound) pork shoulder roast', '1 tablespoon kosher salt', '5 large metal skewers']","Place fresh turmeric in a food processor along with powdered turmeric. Add ginger, shallot, garlic, brown sugar, ancho chili powder, coriander, chipotle, cayenne, rice vinegar, soy sauce, fish sauce, tamarind paste, and cilantro. Blend into a fine paste.
Cut pork into 1 1/2-inch cubes, trimming off fat as needed. Place pork in a bowl; season with salt. Pour in the marinade. Mix and massage pork with your hands until completely coated. Cover with plastic wrap and refrigerate for 4 to 18 hours.
Preheat an outdoor grill for medium-high heat and lightly oil the grate. Thread pork through skewers so the pieces are touching but not squished together. Reserve leftover marinade.
Grill skewers, brushing on reserved marinade, until pork just starts to firm up but is still slightly pink in the center, about 10 minutes per side. An instant-read thermometer inserted into the center should read 145 degrees F (63 degrees C). Serve immediately.",https://imagesvc.meredithcorp.io/v3/mm/image?url=https%3A%2F%2Fimages.media-allrecipes.com%2Fuserphotos%2F6941217.jpg,allrecipes.com
Quick Turkey Taco Salad,20,2 servings,"['½ pound ground turkey', '1 (1 ounce) packet taco seasoning mix', '½ cup chopped green bell pepper', '4 cups mixed salad greens and fresh herbs', '2 cups tortilla chips', '½ cup shredded Mexican cheese blend', '⅓ cup chopped onion', '½ cup fresh salsa', '1 tablespoon sour cream']","Cook turkey in a skillet over medium heat until completely browned, 5 to 7 minutes; season with taco seasoning mix. Add green bell pepper; cook and stir until pepper is tender, about 5 minutes.
Arrange salad greens onto 2 plates. Top greens with tortilla chips, cheese, and onion. Spoon turkey over the each salad. Top with salsa and sour cream.",https://imagesvc.meredithcorp.io/v3/mm/image?url=https%3A%2F%2Fimages.media-allrecipes.com%2Fuserphotos%2F3793734.jpg,allrecipes.com
One-Pan White Cheddar Mac and Cheese,25,6 servings,"['16 ounces uncooked elbow macaroni', '2 ½ cups milk', '2 cups water', '1 teaspoon garlic salt', '½ teaspoon salt', '¼ cup margarine', '¼ teaspoon ground black pepper', '1 ½ cups shredded white Cheddar cheese', '½ cup shredded Parmesan cheese, divided', '¼ cup panko bread crumbs', '¼ cup real bacon bits', '1 tablespoon snipped chives']","Combine macaroni, milk, water, garlic salt, and salt in a Dutch oven on a stovetop over medium-high heat. Bring to a boil, stirring occasionally. Reduce heat to a simmer and cook, stirring frequently so noodles don't stick to the pan, until noodles are soft and most of the liquid has been absorbed, 7 to 10 minutes.
Remove pot from heat and stir in margarine and pepper until melted. Stir in Cheddar cheese and 1/4 cup of the Parmesan cheese until melted.
Set an oven rack about 6 inches from the heat source and preheat the oven's broiler.
Top pasta with bread crumbs, remaining 1/4 cup of Parmesan cheese, and bacon bits.
Place Dutch oven under the broiler until topping is lightly browned and crispy, 1 to 3 minutes. Top with chives and serve immediately.",https://imagesvc.meredithcorp.io/v3/mm/image?url=https%3A%2F%2Fimages.media-allrecipes.com%2Fuserphotos%2F5925391.jpg,allrecipes.com
Instant Pot® Ribs,50,8 servings,"['2 cups apple juice', '¼ cup apple cider vinegar', '2 tablespoons liquid smoke', '2 eaches bay leaves, or more to taste', '2 racks baby back pork ribs']","Combine juice, vinegar, and liquid smoke in a multi-functional pressure cooker (such as Instant Pot®). Add bay leaves.
Add a trivet to the pot and place ribs on top, trimming as needed to fit. Close and lock the lid; set valve to sealing. Choose high pressure and set timer for 15 minutes. Allow 10 to 15 minutes for pressure to build.
Release pressure using the natural-release method according to manufacturer's instructions, about 15 minutes. Unlock and remove the lid.",https://imagesvc.meredithcorp.io/v3/mm/image?url=https%3A%2F%2Fimages.media-allrecipes.com%2Fuserphotos%2F5623822.jpg,allrecipes.com
Grilled Salmon With Pesto Crust,35,4 servings,"['¼ cup pine nuts', '½ cup coarsely chopped fresh basil', '¼ cup grated Parmesan cheese', '1 clove garlic, minced', '3 tablespoons extra-virgin olive oil', 'salt and freshly ground black pepper to taste', '1 pound salmon fillet']","Heat a small skillet over medium heat; cook and stir pine nuts in the hot skillet until fragrant and toasted, about 5 minutes.
Blend basil, Parmesan cheese, toasted pine nuts, and garlic in a blender until a thick paste forms. Gradually stream olive oil into blender and continue blending until desired consistency of pesto is reached; season with salt and pepper.
Preheat an outdoor grill for medium-high heat and lightly oil the grate. Season both sides of salmon with salt and pepper.
Place salmon, skin-side down, onto grill grates; close grill and cook until salmon is about 2/3 done, 8 to 15 minutes. Remove salmon from grill using a spatula and transfer to a baking sheet, skin-side down. Spread pesto evenly over the salmon. Save extra pesto for another use if there are leftovers.
Set oven rack about 6 inches from the heat source and preheat the oven's broiler.
Broil salmon until fish flakes easily with a fork and pesto is bubbling, about 5 minutes.",https://imagesvc.meredithcorp.io/v3/mm/image?url=https%3A%2F%2Fimages.media-allrecipes.com%2Fuserphotos%2F2610671.jpg,allrecipes.com
Summer Nights Eggplants,50,4 servings,"['2 eggplant, peeled (yield from 1.25 lb)s large eggplants', '½ cup olive oil for frying', '2 medium onions, chopped', '2 cloves garlic, minced', '2 small tomatoes, chopped', '1 green bell pepper, seeded and chopped', '1 tablespoon chopped fresh parsley', 'salt and pepper to taste', '4 cups dry bread crumbs', '1 cup crumbled feta cheese']","Remove the leaves from the eggplants, and slice in half lengthwise. Carefully scoop out the centers of the eggplants, leaving a half-inch shell so they resemble 'canoes'. Cut the center portion into small pieces, and set aside.
Preheat the oven to 350 degrees F (175 degrees C).
Heat the oil in a large skillet over medium heat. Add the onions and garlic, and saute for a few minutes, until tender. Add the eggplant pieces, and cook until soft, about 5 minutes. Then, stir in the tomato, green pepper, and parsley. Simmer for about 10 minutes.
Remove from the heat, and transfer to a large bowl. Stir in the bread crumbs until evenly blended. Divide the mixture evenly between the four eggplant shells. Sprinkle feta cheese over the top. Place the eggplant halves on a baking sheet.
Bake for 15 to 20 minutes in the preheated oven, until the tops are browned and the cheese is melted. Serve hot or cold. I prefer them chilled.",https://imagesvc.meredithcorp.io/v3/mm/image?url=https%3A%2F%2Fimages.media-allrecipes.com%2Fuserphotos%2F2366.jpg,allrecipes.com
Grilled Chicken Teriyaki Skewers with Miso Ranch,165,12 small skewers,"['12 bamboo skewers', '2 pounds skinless, boneless chicken thighs', '½ cup soy sauce', '½ cup sake', '⅓ cup mirin (Japanese sweet wine)', '2 teaspoons finely grated ginger', '2 tablespoons minced green onions', '¼ cup brown sugar', '1 tablespoon vegetable oil', '¾ cup mayonnaise', '¼ cup sour cream', '⅓ cup buttermilk', '1 tablespoon white miso paste, or to taste', '1 tablespoon minced green onion', '1 clove garlic, crushed', '1 tablespoon finely chopped fresh tarragon', '1 tablespoon finely chopped fresh dill', '1 tablespoon finely chopped fresh chives', 'freshly ground black pepper to taste', '1 pinch cayenne pepper']","Soak bamboo skewers in water.
Cut chicken thighs in half lengthwise along the creases and halve the thicker portions to get 3 or 4 pieces each. Place chicken in a bowl. Pour in soy sauce, sake, mirin, ginger, green onions, brown sugar, and oil. Toss by hand until well combined and brown sugar is dissolved. Cover top in plastic wrap and marinate in the refrigerator for 2 to 6 hours.
Combine mayonnaise, sour cream, buttermilk, and miso in a bowl. Add green onion, garlic, tarragon, dill, and chives. Season with black pepper and cayenne. Whisk dressing until thoroughly combined.
Thread chicken pieces onto skewers. Strain marinade into a saucepan and bring to a boil to make the glaze.
Preheat a grill for medium-high heat. Grill skewers, basting with some of the reserved marinade, until meat firms up and springs back to the touch, 4 to 5 minutes per side.
Serve skewers next to the miso ranch dressing and brush with reserved glaze.",https://imagesvc.meredithcorp.io/v3/mm/image?url=https%3A%2F%2Fimages.media-allrecipes.com%2Fuserphotos%2F6691068.jpg,allrecipes.com
Air Fryer Coconut Shrimp,45,6 servings,"['½ cup all-purpose flour', '1 ½ teaspoons ground black pepper', '2 large eggs', '⅔ cup unsweetened flaked coconut', '⅓ cup panko bread crumbs', '12 ounces uncooked medium shrimp, peeled and deveined', 'cooking spray', '½ teaspoon kosher salt, divided', '¼ cup honey', '¼ cup lime juice', '1 serrano chile, thinly sliced', '2 teaspoons chopped fresh cilantro']","Stir together flour and pepper in shallow dish. Lightly beat eggs in a second shallow dish. Stir together coconut and panko in a third shallow dish. Hold each shrimp by the tail, dredge in flour mixture, and shake off excess. Then dip floured shrimp in egg, and allow any excess to drip off. Finally, dredge in coconut mixture, pressing to adhere. Place on a plate. Coat shrimp well with cooking spray.
Preheat air fryer to 400 degrees F (200 degrees C). Place 1/2 the shrimp in the air fryer and cook about 3 minutes. Turn shrimp over and continue cooking until golden, about 3 minutes more. Season with 1/4 teaspoon salt. Repeat with remaining shrimp.
Meanwhile, whisk together honey, lime juice, and serrano chile in small bowl for the dip.
Sprinkle fried shrimp with cilantro and serve with dip.",https://imagesvc.meredithcorp.io/v3/mm/image?url=https%3A%2F%2Fimages.media-allrecipes.com%2Fuserphotos%2F6896653.jpg,allrecipes.com
Easy Meatloaf,70,8 servings,"['1 ½ pounds ground beef', '1 egg', '1 onion, chopped', '1 cup milk', '1 cup dried bread crumbs', 'salt and pepper to taste', '2 tablespoons brown sugar', '2 tablespoons prepared mustard', '⅓ cup ketchup']","Preheat oven to 350 degrees F (175 degrees C).
In a large bowl, combine the beef, egg, onion, milk and bread OR cracker crumbs. Season with salt and pepper to taste and place in a lightly greased 5x9 inch loaf pan, OR form into a loaf and place in a lightly greased 9x13 inch baking dish.
In a separate small bowl, combine the brown sugar, mustard and ketchup. Mix well and pour over the meatloaf.
Bake at 350 degrees F (175 degrees C) for 1 hour.",https://imagesvc.meredithcorp.io/v3/mm/image?url=https%3A%2F%2Fimages.media-allrecipes.com%2Fuserphotos%2F7698881.jpg,allrecipes.com
World's Best Lasagna,195,12 servings,"['1 pound sweet Italian sausage', '¾ pound lean ground beef', '½ cup minced onion', '2 cloves garlic, crushed', '1 (28 ounce) can crushed tomatoes', '2 (6 ounce) cans tomato paste', '2 (6.5 ounce) cans canned tomato sauce', '½ cup water', '2 tablespoons white sugar', '1 ½ teaspoons dried basil leaves', '½ teaspoon fennel seeds', '1 teaspoon Italian seasoning', '1 ½ teaspoons salt, divided, or to taste', '¼ teaspoon ground black pepper', '4 tablespoons chopped fresh parsley', '12 noodles lasagna noodles', '16 ounces ricotta cheese', '1 egg', '¾ pound mozzarella cheese, sliced', '¾ cup grated Parmesan cheese']","In a Dutch oven, cook sausage, ground beef, onion, and garlic over medium heat until well browned. Stir in crushed tomatoes, tomato paste, tomato sauce, and water. Season with sugar, basil, fennel seeds, Italian seasoning, 1 teaspoon salt, pepper, and 2 tablespoons parsley. Simmer, covered, for about 1 1/2 hours, stirring occasionally.
Bring a large pot of lightly salted water to a boil. Cook lasagna noodles in boiling water for 8 to 10 minutes. Drain noodles, and rinse with cold water. In a mixing bowl, combine ricotta cheese with egg, remaining parsley, and 1/2 teaspoon salt.
Preheat oven to 375 degrees F (190 degrees C).
To assemble, spread 1 1/2 cups of meat sauce in the bottom of a 9x13 inch baking dish. Arrange 6 noodles lengthwise over meat sauce. Spread with one half of the ricotta cheese mixture. Top with a third of mozzarella cheese slices. Spoon 1 1/2 cups meat sauce over mozzarella, and sprinkle with 1/4 cup Parmesan cheese. Repeat layers, and top with remaining mozzarella and Parmesan cheese. Cover with foil: to prevent sticking, either spray foil with cooking spray, or make sure the foil does not touch the cheese.
Bake in preheated oven for 25 minutes. Remove foil, and bake an additional 25 minutes. Cool for 15 minutes before serving.",https://imagesvc.meredithcorp.io/v3/mm/image?url=https%3A%2F%2Fimages.media-allrecipes.com%2Fuserphotos%2F3359675.jpg,allrecipes.com
Juicy Roasted Chicken,100,6 servings,"['1 (3 pound) whole chicken, giblets removed', 'salt and black pepper to taste', '1 tablespoon onion powder, or to taste', '½ cup margarine, divided', '1 stalk celery, leaves removed']","Preheat oven to 350 degrees F (175 degrees C).
Place chicken in a roasting pan, and season generously inside and out with salt and pepper. Sprinkle inside and out with onion powder. Place 3 tablespoons margarine in the chicken cavity. Arrange dollops of the remaining margarine around the chicken's exterior. Cut the celery into 3 or 4 pieces, and place in the chicken cavity.
Bake uncovered 1 hour and 15 minutes in the preheated oven, to a minimum internal temperature of 180 degrees F (82 degrees C). Remove from heat, and baste with melted margarine and drippings. Cover with aluminum foil, and allow to rest about 30 minutes before serving.",https://imagesvc.meredithcorp.io/v3/mm/image?url=https%3A%2F%2Fimages.media-allrecipes.com%2Fuserphotos%2F389250.jpg,allrecipes.com
Slow Cooker Texas Pulled Pork,315,8 sandwiches,"['1 teaspoon vegetable oil', '1 (4 pound) pork shoulder roast', '1 cup barbeque sauce', '½ cup apple cider vinegar', '½ cup chicken broth', '¼ cup light brown sugar', '1 tablespoon prepared yellow mustard', '1 tablespoon Worcestershire sauce', '1 tablespoon chili powder', '1 extra large onion, chopped', '2 large cloves garlic, crushed', '1 ½ teaspoons dried thyme', '8 eaches hamburger buns, split', '2 tablespoons butter, or as needed']","Pour the vegetable oil into the bottom of a slow cooker. Place the pork roast into the slow cooker; pour in the barbecue sauce, apple cider vinegar, and chicken broth. Stir in the brown sugar, yellow mustard, Worcestershire sauce, chili powder, onion, garlic, and thyme. Cover and cook on High until the roast shreds easily with a fork, 5 to 6 hours.
Remove the roast from the slow cooker, and shred the meat using two forks. Return the shredded pork to the slow cooker, and stir the meat into the juices.
Spread the inside of both halves of hamburger buns with butter. Toast the buns, butter side down, in a skillet over medium heat until golden brown. Spoon pork into the toasted buns.",https://imagesvc.meredithcorp.io/v3/mm/image?url=https%3A%2F%2Fimages.media-allrecipes.com%2Fuserphotos%2F4560053.jpg,allrecipes.com
The Best Meatballs,50,8 servings,"['1 pound ground beef', '½ pound ground veal', '½ pound ground pork', '2 cloves garlic, minced', '2 large eggs eggs', '1 cup freshly grated Romano cheese', '1 ½ tablespoons chopped Italian flat leaf parsley', 'salt and ground black pepper to taste', '2 cups stale Italian bread, crumbled', '1 ½ cups lukewarm water', '1 cup olive oil']","Combine beef, veal, and pork in a large bowl. Add garlic, eggs, cheese, parsley, salt and pepper.
Blend bread crumbs into meat mixture. Slowly add the water 1/2 cup at a time. The mixture should be very moist but still hold its shape if rolled into meatballs. (I usually use about 1 1/4 cups of water). Shape into meatballs.
Heat olive oil in a large skillet. Fry meatballs in batches. When the meatball is very brown and slightly crisp remove from the heat and drain on a paper towel. (If your mixture is too wet, cover the meatballs while they are cooking so that they hold their shape better.)",https://imagesvc.meredithcorp.io/v3/mm/image?url=https%3A%2F%2Fimages.media-allrecipes.com%2Fuserphotos%2F887350.jpg,allrecipes.com
Easy Mexican Casserole,50,6 servings,"['1 pound lean ground beef', '2 cups salsa', '1 (16 ounce) can chili beans, drained', '3 cups tortilla chips, crushed', '2 cups sour cream', '1 (2 ounce) can sliced black olives, drained', '½ cup chopped green onion', '½ cup chopped fresh tomato', '2 cups shredded Cheddar cheese']","Preheat oven to 350 degrees F (175 degrees C).
In a large skillet over medium-high heat, cook ground beef until no longer pink. Stir in salsa, reduce heat, and simmer 20 minutes, or until liquid is absorbed. Stir in beans, and heat through.
Spray a 9x13 baking dish with cooking spray. Spread crushed tortilla chips in dish, and then spoon beef mixture over chips. Spread sour cream over beef, and sprinkle olives, green onion, and tomato over the sour cream. Top with Cheddar cheese.
Bake in preheated oven for 30 minutes, or until hot and bubbly.",https://imagesvc.meredithcorp.io/v3/mm/image?url=https%3A%2F%2Fimages.media-allrecipes.com%2Fuserphotos%2F5670908.jpg,allrecipes.com
Tater Tot Hot Dish II,70,6 servings,"['1 ½ pounds lean ground beef', '1 onion, chopped', '¾ teaspoon salt', '1 pinch ground black pepper', '1 (32 ounce) package tater tots, thawed', '1 (10.75 ounce) can condensed cream of mushroom soup', '1 (10.75 ounce) can condensed cream of celery soup', '1 (6 ounce) can French-fried onion rings']","Preheat oven to 350 degrees F (175 degrees C).
In a large skillet cook ground beef with onion, salt and pepper; drain and spread into the bottom of a 9x13 inch baking dish. Add tater tots; mix cream of mushroom and cream of celery soup together and pour mixture over dish. Top with onion rings, if using.
Bake in preheated oven for 1 hour.",https://imagesvc.meredithcorp.io/v3/mm/image?url=https%3A%2F%2Fimages.media-allrecipes.com%2Fuserphotos%2F805005.jpg,allrecipes.com
Sloppy Joes II,40,6 servings,"['1 pound lean ground beef', '¼ cup chopped onion', '¼ cup chopped green bell pepper', '½ teaspoon garlic powder', '1 teaspoon prepared yellow mustard', '¾ cup ketchup', '3 teaspoons brown sugar', 'salt to taste', 'ground black pepper to taste']","In a medium skillet over medium heat, brown the ground beef, onion, and green pepper; drain off liquids.
Stir in the garlic powder, mustard, ketchup, and brown sugar; mix thoroughly. Reduce heat, and simmer for 30 minutes. Season with salt and pepper.",https://imagesvc.meredithcorp.io/v3/mm/image?url=https%3A%2F%2Fimages.media-allrecipes.com%2Fuserphotos%2F747244.jpg,allrecipes.com
Breaded Air Fryer Pork Chops,20,4 servings,"['4 eaches boneless, center-cut pork chops, 1-inch thick', '1 teaspoon Cajun seasoning', '1 ½ cups cheese and garlic flavored croutons', '2 large eggs eggs', 'cooking spray']","Preheat the air fryer to 390 degrees F (200 degrees C).
Place pork chops on a plate and season both sides with Cajun seasoning.
Pulse croutons in a small food processor until they have a fine consistency; transfer to a shallow dish. Lightly beat eggs in a separate shallow dish. Dip pork chops into eggs, letting excess drip off. Coat chops in crouton breading and set on a plate. Mist chops with cooking spray.
Spray basket of the air fryer with cooking spray and place chops inside, making sure to not overcrowd the fryer. You may have to do two batches depending on the size of your air fryer.
Cook for 5 minutes. Flip chops and mist again with cooking spray if there are dry or powdery areas. Cook 5 minutes more. Repeat with remaining chops.",https://imagesvc.meredithcorp.io/v3/mm/image?url=https%3A%2F%2Fimages.media-allrecipes.com%2Fuserphotos%2F6960703.jpg,allrecipes.com
Different Chicken Divan,45,10 servings,"['2 cups cooked, cubed chicken breast meat', '1 pound fresh broccoli, cooked and chopped', '1 cup mayonnaise', '1 ½ tablespoons curry powder', '½ teaspoon cayenne pepper', '½ teaspoon garlic salt', 'salt and pepper to taste', '2 ½ cups shredded Cheddar cheese, divided', '1 (10.75 ounce) can condensed cream of chicken soup', '1 (10.75 ounce) can condensed cream of mushroom soup', '1 (6 ounce) can French-fried onions']","Preheat oven to 350 degrees F (175 degrees C).
Spread chicken in the bottom of a 9x13 inch baking dish. Top with broccoli. In a medium bowl, combine the mayonnaise, curry powder, cayenne pepper, garlic salt, salt and pepper and mix well. Add 1 cup of Cheddar cheese, cream of chicken soup and cream of mushroom soup and mix again, then pour mixture over chicken and broccoli. Sprinkle with remaining 1 1/2 cups of cheese and top with onions.
Bake at 350 degrees F (175 degrees C) for 30 minutes.",https://imagesvc.meredithcorp.io/v3/mm/image?url=https%3A%2F%2Fimages.media-allrecipes.com%2Fuserphotos%2F3461950.jpg,allrecipes.com
Homemade Mac and Cheese,50,4 servings,"['8 ounces uncooked elbow macaroni', '2 cups shredded sharp Cheddar cheese', '½ cup grated Parmesan cheese', '3 cups milk', '¼ cup butter', '2 ½ tablespoons all-purpose flour', '2 tablespoons butter', '½ cup bread crumbs', '1 pinch paprika']","Cook macaroni according to the package directions. Drain.
In a saucepan, melt butter or margarine over medium heat. Stir in enough flour to make a roux. Add milk to roux slowly, stirring constantly. Stir in cheeses, and cook over low heat until cheese is melted and the sauce is a little thick. Put macaroni in large casserole dish, and pour sauce over macaroni. Stir well.
Melt butter or margarine in a skillet over medium heat. Add breadcrumbs and brown. Spread over the macaroni and cheese to cover. Sprinkle with a little paprika.
Bake at 350 degrees F (175 degrees C) for 30 minutes. Serve.",https://imagesvc.meredithcorp.io/v3/mm/image?url=https%3A%2F%2Fimages.media-allrecipes.com%2Fuserphotos%2F6174584.jpg,allrecipes.com
Chicken Parmesan,60,4 servings,"['4 eaches skinless, boneless chicken breast halves', 'salt and freshly ground black pepper to taste', '2 large eggs eggs', '1 cup panko bread crumbs, or more as needed', '½ cup grated Parmesan cheese', '2 tablespoons all-purpose flour, or more if needed', '1 cup olive oil for frying', '½ cup prepared tomato sauce', '¼ cup fresh mozzarella, cut into small cubes', '¼ cup chopped fresh basil', '½ cup grated provolone cheese', '¼ cup grated Parmesan cheese', '1 tablespoon olive oil']","Preheat an oven to 450 degrees F (230 degrees C).
Place chicken breasts between two sheets of heavy plastic (resealable freezer bags work well) on a solid, level surface. Firmly pound chicken with the smooth side of a meat mallet to a thickness of 1/2-inch. Season chicken thoroughly with salt and pepper.
Beat eggs in a shallow bowl and set aside.
Mix bread crumbs and 1/2 cup Parmesan cheese in a separate bowl, set aside.
Place flour in a sifter or strainer; sprinkle over chicken breasts, evenly coating both sides.
Dip flour coated chicken breast in beaten eggs. Transfer breast to breadcrumb mixture, pressing the crumbs into both sides. Repeat for each breast. Set aside breaded chicken breasts for about 15 minutes.
Heat 1 cup olive oil in a large skillet on medium-high heat until it begins to shimmer. Cook chicken until golden, about 2 minutes on each side. The chicken will finish cooking in the oven.
Place chicken in a baking dish and top each breast with about 1/3 cup of tomato sauce. Layer each chicken breast with equal amounts of mozzarella cheese, fresh basil, and provolone cheese. Sprinkle 1 to 2 tablespoons of Parmesan cheese on top and drizzle with 1 tablespoon olive oil.
Bake in the preheated oven until cheese is browned and bubbly, and chicken breasts are no longer pink in the center, 15 to 20 minutes. An instant-read thermometer inserted into the center should read at least 165 degrees F (74 degrees C).",https://imagesvc.meredithcorp.io/v3/mm/image?url=https%3A%2F%2Fimages.media-allrecipes.com%2Fuserphotos%2F6635156.jpg,allrecipes.com
Hamburger Steak with Onions and Gravy,40,4 servings,"['1 pound ground beef', '1 egg', '¼ cup bread crumbs', '⅛ teaspoon ground black pepper', '½ teaspoon seasoned salt', '½ teaspoon onion powder', '½ teaspoon garlic powder', '1 teaspoon Worcestershire sauce', '1 tablespoon vegetable oil', '1 cup thinly sliced onion', '2 tablespoons all-purpose flour', '1 cup beef broth', '1 tablespoon cooking sherry', '½ teaspoon seasoned salt']","In a large bowl, mix together the ground beef, egg, bread crumbs, pepper, salt, onion powder, garlic powder, and Worcestershire sauce. Form into 8 balls, and flatten into patties.
Heat the oil in a large skillet over medium heat. Fry the patties and onion in the oil until patties are nicely browned, about 4 minutes per side. Remove the beef patties to a plate, and keep warm.
Sprinkle flour over the onions and drippings in the skillet. Stir in flour with a fork, scraping bits of beef off of the bottom as you stir. Gradually mix in the beef broth and sherry. Season with seasoned salt. Simmer and stir over medium-low heat for about 5 minutes, until the gravy thickens. Turn heat to low, return patties to the gravy, cover, and simmer for another 15 minutes.",https://imagesvc.meredithcorp.io/v3/mm/image?url=https%3A%2F%2Fimages.media-allrecipes.com%2Fuserphotos%2F5938981.jpg,allrecipes.com
Fried Rice Restaurant Style,45,8 servings,"['2 cups enriched white rice', '4 cups water', '⅔ cup chopped baby carrots', '½ cup frozen green peas', '2 tablespoons vegetable oil', '2 large eggs eggs', 'soy sauce to taste', '2 tablespoons sesame oil, to taste']","In a saucepan, combine rice and water. Bring to a boil. Reduce heat, cover, and simmer for 20 minutes.
In a small saucepan, boil carrots in water about 3 to 5 minutes. Drop peas into boiling water, and drain.
Heat wok over high heat. Pour in oil, then stir in carrots and peas; cook about 30 seconds. Crack in eggs, stirring quickly to scramble eggs with vegetables. Stir in cooked rice. Shake in soy sauce, and toss rice to coat. Drizzle with sesame oil, and toss again.",https://imagesvc.meredithcorp.io/v3/mm/image?url=https%3A%2F%2Fimages.media-allrecipes.com%2Fuserphotos%2F3770230.jpg,allrecipes.com
Simple Macaroni and Cheese,30,4 servings,"['1 (8 ounce) box elbow macaroni', '¼ cup butter', '¼ cup all-purpose flour', '½ teaspoon salt', 'ground black pepper to taste', '2 cups milk', '2 cups shredded Cheddar cheese']","Bring a large pot of lightly salted water to a boil. Cook elbow macaroni in the boiling water, stirring occasionally until cooked through but firm to the bite, 8 minutes. Drain.
Melt butter in a saucepan over medium heat; stir in flour, salt, and pepper until smooth, about 5 minutes. Slowly pour milk into butter-flour mixture while continuously stirring until mixture is smooth and bubbling, about 5 minutes. Add Cheddar cheese to milk mixture and stir until cheese is melted, 2 to 4 minutes.
Fold macaroni into cheese sauce until coated.",https://imagesvc.meredithcorp.io/v3/mm/image?url=https%3A%2F%2Fimages.media-allrecipes.com%2Fuserphotos%2F5445825.jpg,allrecipes.com
Cheesy Meatloaf,75,8 servings,"['1 pound ground beef', '1 pound ground pork', '1 (1 ounce) envelope dry onion soup mix', '2 large eggs eggs, beaten', '1 ½ cups dry bread crumbs', 'ground black pepper to taste', '¾ cup water', '2 cups shredded mozzarella cheese, divided']","Preheat oven to 350 degrees F (175 degrees C).
In a large bowl combine the beef, pork, soup mix, eggs, bread crumbs, pepper and water. Stir in 1/2 cup of the cheese. Mix well and spread half of mixture into a 9x5 inch loaf pan. Spread remaining 1 1/2 cups cheese over meat loaf mixture. Top with remaining half of meat loaf mixture.
Bake in preheated oven for 60 minutes. Let cool 10 to 15 minutes before serving.",https://imagesvc.meredithcorp.io/v3/mm/image?url=https%3A%2F%2Fimages.media-allrecipes.com%2Fuserphotos%2F3685939.jpg,allrecipes.com
White Chicken Enchilada Slow-Cooker Casserole,270,10 servings,"['15 thigh, bone and skin removeds boneless, skinless chicken thighs or breasts', '1 (26 ounce) can condensed cream of chicken soup', '2 cloves garlic, chopped', '1 (16 ounce) container sour cream', '1 (7 ounce) can diced green chile peppers', '15 eaches flour tortillas', '3 ½ cups shredded Monterey Jack cheese', '1 (10 ounce) can sliced black olives', '1 bunch chives for garnish', 'black pepper to taste']","Place chicken in a pot, cover with water, and bring to a boil over high heat. Continue to boil until the chicken is done, about 10 minutes. Drain, allow chicken to cool, and cut into small pieces.
Place chicken pieces in a large bowl. Stir in soup, garlic, sour cream, and green chiles.
Spray the inside of slow cooker lightly with non-stick cooking spray.
Tear tortillas into pieces, and arrange half of the pieces in one overlapping layer across the bottom of the slow cooker. Arrange half of the chicken, half of the soup, and half of the cheese on top. Repeat with remaining tortillas, chicken, soup, and cheese. Top with black olives.
Cook on Low setting for 3 to 4 hours. Top with chives.",https://imagesvc.meredithcorp.io/v3/mm/image?url=https%3A%2F%2Fimages.media-allrecipes.com%2Fuserphotos%2F3389638.jpg,allrecipes.com
Slow Cooker Autumn Delight,345,4 servings,"['2 (10.75 ounce) cans cream of mushroom soup', '1 (10.75 ounce) can cream of mushroom soup with garlic', '1 cup water', '1 (1 ounce) package dry onion soup mix (such as Lipton®)', '2 teaspoons vegetable oil', '1 yellow onion, sliced', '4 (4 ounce) beef cube steaks', '⅔ (12 ounce) package egg noodles']","Whisk cream of mushroom soup, water, and onion soup mix in a slow cooker until thoroughly combined.
Heat vegetable oil in a large skillet over medium heat; cook and stir onion in the hot oil until browned, about 20 minutes. Transfer onion to a bowl, leaving oil in skillet.
Brown cube steaks in the hot skillet, about 5 minutes per side. Place cube steaks into slow cooker and top with onions. Cook on Low until cube steaks are tender, 5 to 6 hours.
Bring a large pot of lightly salted water to a boil. Cook egg noodles in the boiling water, stirring occasionally, until cooked through but firm to the bite, about 5 minutes. Drain. Serve cube steaks and mushroom gravy over egg noodles.",https://imagesvc.meredithcorp.io/v3/mm/image?url=https%3A%2F%2Fimages.media-allrecipes.com%2Fuserphotos%2F4552710.jpg,allrecipes.com
Gourmet Mushroom Risotto,50,6 servings,"['6 cups chicken broth, divided', '3 tablespoons olive oil, divided', '1 pound portobello mushrooms, thinly sliced', '1 pound white mushrooms, thinly sliced', '2 eaches shallots, diced', '1 ½ cups Arborio rice', '½ cup dry white wine', 'sea salt to taste', 'freshly ground black pepper to taste', '3 tablespoons finely chopped chives', '4 tablespoons butter', '⅓ cup freshly grated Parmesan cheese']","In a saucepan, warm the broth over low heat.
Warm 2 tablespoons olive oil in a large saucepan over medium-high heat. Stir in the mushrooms, and cook until soft, about 3 minutes. Remove mushrooms and their liquid, and set aside.
Add 1 tablespoon olive oil to skillet, and stir in the shallots. Cook 1 minute. Add rice, stirring to coat with oil, about 2 minutes. When the rice has taken on a pale, golden color, pour in wine, stirring constantly until the wine is fully absorbed. Add 1/2 cup broth to the rice, and stir until the broth is absorbed. Continue adding broth 1/2 cup at a time, stirring continuously, until the liquid is absorbed and the rice is al dente, about 15 to 20 minutes.
Remove from heat, and stir in mushrooms with their liquid, butter, chives, and parmesan. Season with salt and pepper to taste.",https://imagesvc.meredithcorp.io/v3/mm/image?url=https%3A%2F%2Fimages.media-allrecipes.com%2Fuserphotos%2F246711.jpg,allrecipes.com
Perfect Ten Baked Cod,35,4 servings,"['2 tablespoons butter', '½ sleeve buttery round crackers (such as Ritz®), crushed', '2 tablespoons butter', '1 pound thick-cut cod loin', '½ lemon, juiced', '¼ cup dry white wine', '1 tablespoon chopped fresh parsley', '1 tablespoon chopped green onion', '1 lemon, cut into wedges']","Preheat oven to 400 degrees F (200 degrees C).
Place 2 tablespoons butter in a microwave-safe bowl; melt in microwave on high, about 30 seconds. Stir buttery round crackers into melted butter.
Place remaining 2 tablespoons butter in a 7x11-inch baking dish. Melt in the preheated oven, 1 to 3 minutes. Remove dish from oven.
Coat both sides of cod in melted butter in the baking dish.
Bake cod in the preheated oven for 10 minutes. Remove from oven; top with lemon juice, wine, and cracker mixture. Place back in oven and bake until fish is opaque and flakes easily with a fork, about 10 more minutes.
Garnish baked cod with parsley and green onion. Serve with lemon wedges.",https://imagesvc.meredithcorp.io/v3/mm/image?url=https%3A%2F%2Fimages.media-allrecipes.com%2Fuserphotos%2F4523973.jpg,allrecipes.com
Dreamy Chicken Francese,35,3 servings,"['3 (5 ounce) boneless, skinless chicken breasts', '2 tablespoons tapioca starch', '2 tablespoons all-purpose flour', '¼ teaspoon salt', '2 large eggs', '3 tablespoons olive oil', '2 tablespoons salted butter, divided', '3 cloves garlic', '1 cup whipping cream', '¾ cup chicken broth', '¼ cup Pinot Grigio wine', '½ medium lemon, juiced', '2 tablespoons chopped fresh parsley', '½ teaspoon salt', '¼ teaspoon ground black pepper']","Preheat the oven to 200 degrees F (95 degrees C).
Use a sharp knife to cut each chicken breast horizontally into 3 thin pieces.
Combine tapioca starch, flour, and salt in a shallow dish and mix well. Place eggs in another shallow dish, and beat well.
Heat olive oil and 1 tablespoon butter in a skillet over medium heat. Dip chicken first in flour mixture, then into the eggs, coating completely. Cook chicken, in batches if necessary, until golden and no longer pink in the center, 2 to 3 minutes per side. Remove chicken to a rimmed baking sheet lined with a drip tray.
Place chicken in the preheated oven to keep warm.
Meanwhile, reduce heat to medium-low, and melt remaining 1 tablespoon butter in the skillet. Saute garlic until fragrant, about 1 minute. Stir in cream, broth, wine, lemon juice, parsley, salt, and pepper. Cook, stirring constantly, until sauce has reduced. Sauce can break if the heat is too high and it's not stirred regularly. Serve chicken topped with sauce.",https://imagesvc.meredithcorp.io/v3/mm/image?url=https%3A%2F%2Fimages.media-allrecipes.com%2Fuserphotos%2F8528975.jpg,allrecipes.com
Salisbury Steak,40,6 servings,"['1 (10.5 ounce) can condensed French onion soup', '1 ½ pounds ground beef', '½ cup dry bread crumbs', '1 egg', '¼ teaspoon salt', '⅛ teaspoon ground black pepper', '1 tablespoon all-purpose flour', '¼ cup ketchup', '¼ cup water', '1 tablespoon Worcestershire sauce', '½ teaspoon mustard powder']","In a large bowl, mix together 1/3 cup condensed French onion soup with ground beef, bread crumbs, egg, salt and black pepper. Shape into 6 oval patties.
In a large skillet over medium-high heat, brown both sides of patties. Pour off excess fat.
In a small bowl, blend flour and remaining soup until smooth. Mix in ketchup, water, Worcestershire sauce and mustard powder. Pour over meat in skillet. Cover, and cook for 20 minutes, stirring occasionally.",https://imagesvc.meredithcorp.io/v3/mm/image?url=https%3A%2F%2Fimages.media-allrecipes.com%2Fuserphotos%2F376047.jpg,allrecipes.com
Dumplings,20,6 dumplings,"['1 cup all-purpose flour', '2 teaspoons baking powder', '1 teaspoon white sugar', '½ teaspoon salt', '1 tablespoon margarine', '½ cup milk']","Stir together flour, baking powder, sugar, and salt in medium size bowl. Cut in butter until crumbly. Stir in milk to make a soft dough.
Drop by spoonfuls into boiling stew. Cover and simmer 15 minutes without lifting lid. Serve.
To make parsley dumplings, add 1 tablespoon parsley flakes to the dry ingredients.",https://imagesvc.meredithcorp.io/v3/mm/image?url=https%3A%2F%2Fimages.media-allrecipes.com%2Fuserphotos%2F5011529.jpg,allrecipes.com
Roasted Pork Loin,80,8 servings,"['3 cloves garlic, minced', '1 tablespoon dried rosemary', 'salt and pepper to taste', '2 pounds boneless pork loin roast', '¼ cup olive oil', '½ cup white wine']","Preheat oven to 350 degrees F (175 degrees C).
Crush garlic with rosemary, salt and pepper, making a paste. Pierce meat with a sharp knife in several places and press the garlic paste into the openings. Rub the meat with the remaining garlic mixture and olive oil.
Place pork loin into oven, turning and basting with pan liquids. Cook until the pork is no longer pink in the center, about 1 hour. An instant-read thermometer inserted into the center should read 145 degrees F (63 degrees C). Remove roast to a platter. Heat the wine in the pan and stir to loosen browned bits of food on the bottom. Serve with pan juices.",https://imagesvc.meredithcorp.io/v3/mm/image?url=https%3A%2F%2Fimages.media-allrecipes.com%2Fuserphotos%2F609715.jpg,allrecipes.com
Oktoberfest Chicken and Red Cabbage,90,8 servings,"['4 slices bacon', '1 tablespoon bacon drippings', '¼ cup all-purpose flour', '½ teaspoon kosher salt', '½ teaspoon smoked paprika', '2 pounds skinless chicken thighs', '1 red onion, sliced', '1 large apple, cored and sliced', '1 head red cabbage, cored and sliced', '½ cup red wine vinegar', '¼ cup dry red wine', '¼ cup brown sugar', '½ teaspoon ground cinnamon']","Preheat oven to 350 degrees F (175 degrees C).
Place bacon in a large oven-safe or cast-iron skillet and cook over medium-high heat, turning occasionally, until evenly browned, about 10 minutes. Drain the bacon slices on paper towels. When cool, crumble bacon; leave bacon drippings in the skillet.
Whisk flour, kosher salt, and smoked paprika together in a bowl. Coat chicken thighs in the seasoned flour and brown on both sides in the hot bacon fat over medium heat, about 5 minutes per side; transfer chicken to a plate. Drain bacon grease except for 1 tablespoon; cook and stir onion and apple until onion is translucent and apple is softened, about 5 minutes. Stir red cabbage and bacon into onion-apple mixture, sprinkle with a pinch of kosher salt, and cook, stirring often, until cabbage is softened, 5 to 8 minutes.
Pour red wine vinegar and red wine into skillet. Stir in brown sugar and cinnamon and bring cabbage mixture to a boil; cook until sauce is reduced by half, stirring often, about 10 minutes. Arrange chicken thighs on top of cabbage in the skillet.
Bake in the preheated oven until cabbage is tender and chicken is cooked through, about 40 minutes. An instant-read meat thermometer inserted into the thickest part of a thigh should read at least 160 degrees F (70 degrees C).",https://imagesvc.meredithcorp.io/v3/mm/image?url=https%3A%2F%2Fimages.media-allrecipes.com%2Fuserphotos%2F5856617.jpg,allrecipes.com
Best Tuna Casserole,35,6 servings,"['1 (12 ounce) package egg noodles', '¼ cup chopped onion', '2 cups shredded Cheddar cheese', '1 cup frozen green peas', '2 (5 ounce) cans tuna, drained', '2 (10.75 ounce) cans condensed cream of mushroom soup', '½ (4.5 ounce) can sliced mushrooms', '1 cup crushed potato chips']","Bring a large pot of lightly salted water to a boil. Cook pasta in boiling water for 8 to 10 minutes, or until al dente; drain.
Preheat oven to 425 degrees F (220 degrees C).
In a large bowl, thoroughly mix noodles, onion, 1 cup cheese, peas, tuna, soup and mushrooms. Transfer to a 9x13 inch baking dish, and top with potato chip crumbs and remaining 1 cup cheese.
Bake for 15 to 20 minutes in the preheated oven, or until cheese is bubbly.",https://imagesvc.meredithcorp.io/v3/mm/image?url=https%3A%2F%2Fimages.media-allrecipes.com%2Fuserphotos%2F2615015.jpg,allrecipes.com
Chef John's Italian Meatballs,135,30 meatballs,"['⅓ cup plain bread crumbs', '½ cup milk', '2 tablespoons olive oil', '1 onion, diced', '1 pound ground beef', '1 pound ground pork', '2 large eggs eggs', '¼ bunch fresh parsley, chopped', '3 cloves garlic, crushed', '2 teaspoons salt', '1 teaspoon ground black pepper', '½ teaspoon red pepper flakes', '1 teaspoon dried Italian herb seasoning', '2 tablespoons grated Parmesan cheese']","Cover a baking sheet with foil and spray lightly with cooking spray.
Soak bread crumbs in milk in a small bowl for 20 minutes.
Heat olive oil in a skillet over medium heat. Cook and stir onions in hot oil until translucent, about 20 minutes.
Mix beef and pork together in a large bowl. Stir onions, bread crumb mixture, eggs, parsley, garlic, salt, black pepper, red pepper flakes, Italian herb seasoning, and Parmesan cheese into meat mixture with a rubber spatula until combined. Cover and refrigerate for about one hour.
Preheat an oven to 425 degrees F (220 degrees C).
Using wet hands, form meat mixture into balls about 1 1/2 inches in diameter. Arrange onto prepared baking sheet.
Bake in the preheated oven until browned and cooked through, 15 to 20 minutes.",https://imagesvc.meredithcorp.io/v3/mm/image?url=https%3A%2F%2Fimages.media-allrecipes.com%2Fuserphotos%2F4531471.jpg,allrecipes.com
Eggplant Parmesan II,60,8 to 10 servings,"['3 eggplant, peeled (yield from 1.25 lb)s eggplant, peeled and thinly sliced', '2 large eggs eggs, beaten', '4 cups Italian seasoned bread crumbs', '6 cups spaghetti sauce, divided', '1 (16 ounce) package mozzarella cheese, shredded and divided', '½ cup grated Parmesan cheese, divided', '½ teaspoon dried basil']","Preheat oven to 350 degrees F (175 degrees C).
Dip eggplant slices in egg, then in bread crumbs. Place in a single layer on a baking sheet. Bake in preheated oven for 5 minutes on each side.
In a 9x13 inch baking dish spread spaghetti sauce to cover the bottom. Place a layer of eggplant slices in the sauce. Sprinkle with mozzarella and Parmesan cheeses. Repeat with remaining ingredients, ending with the cheeses. Sprinkle basil on top.
Bake in preheated oven for 35 minutes, or until golden brown.",https://imagesvc.meredithcorp.io/v3/mm/image?url=https%3A%2F%2Fimages.media-allrecipes.com%2Fuserphotos%2F5068161.jpg,allrecipes.com
Baked BBQ Baby Back Ribs,200,1 rib rack,"['½ cup ancho chile powder', '¼ cup white sugar', '¼ cup brown sugar', '¼ cup salt', '2 tablespoons freshly ground black pepper', '1 tablespoon ground cumin', '1 teaspoon dry mustard', '1 teaspoon ground cayenne pepper', '½ teaspoon ground dried chipotle pepper', '1 rack baby back pork ribs', '1 cup barbeque sauce']","Preheat oven to 250 degrees F (120 degrees C).
Mix ancho chile powder, white sugar, brown sugar, salt, black pepper, cumin, dry mustard, cayenne pepper, and chipotle pepper in a small bowl until combined.
Place ribs meat-side down on aluminum foil. Prick back of rib rack several times with a knife.
Generously apply coating of dry rub to all sides of rib rack.
With rib rack meat-side down, fold foil around it to create a tight seal. Transfer to sheet pan.
Bake in preheated oven until tender and cooked through, about 2 hours. Remove and cool 15 minutes.
Increase oven temperature to 350 degrees F (175 degrees C).
Open foil, drain and discard any accumulated juices and fat. Brush barbeque sauce on all sides of rack.
Place rack meat-side up and return to oven, leaving foil open. Bake for 10 minutes, remove from oven, and brush another layer of barbeque sauce on meat-side only. Repeat baking and brushing with sauce 4 more times, for a total of 50 minutes baking time.
Cut rack into individual rib segments and serve with more barbeque sauce.",https://imagesvc.meredithcorp.io/v3/mm/image?url=https%3A%2F%2Fimages.media-allrecipes.com%2Fuserphotos%2F3789556.jpg,allrecipes.com
To Die For Fettuccine Alfredo,30,6 servings,"['24 ounces dry fettuccini pasta', '1 cup butter', '¾ pint heavy cream', 'salt and pepper to taste', '1 dash garlic salt', '¾ cup grated Romano cheese', '½ cup grated Parmesan cheese']","Bring a large pot of lightly salted water to a boil. Add fettuccini and cook for 8 to 10 minutes or until al dente; drain.
In a large saucepan, melt butter into cream over low heat. Add salt, pepper and garlic salt. Stir in cheese over medium heat until melted; this will thicken the sauce.
Add pasta to sauce. Use enough of the pasta so that all of the sauce is used and the pasta is thoroughly coated. Serve immediately.",https://imagesvc.meredithcorp.io/v3/mm/image?url=https%3A%2F%2Fimages.media-allrecipes.com%2Fuserphotos%2F8135663.jpg,allrecipes.com
Marie's Easy Slow Cooker Pot Roast,580,6 to 8 servings,"['4 pounds chuck roast', 'salt and pepper to taste', '1 packet dry onion soup mix', '1 cup water', '3 medium (blank)s carrots, chopped', '1 onion, chopped', '3 medium (2-1/4"" to 3"" dia, raw)s potatoes, peeled and cubed', '1 stalk celery, chopped']","Season the roast with salt and pepper to taste. Brown on all sides in a large skillet over high heat, about 4 minutes per side.
Place the roast in the slow cooker and add the soup mix, water, carrots, onion, potatoes, and celery.
Cover and cook on Low setting for 8 to 10 hours.",https://imagesvc.meredithcorp.io/v3/mm/image?url=https%3A%2F%2Fimages.media-allrecipes.com%2Fuserphotos%2F3566746.jpg,allrecipes.com
Shrimp Scampi with Pasta,40,6 servings,"['1 (16 ounce) package linguine pasta', '2 tablespoons butter', '2 tablespoons extra-virgin olive oil', '2 eaches shallots, finely diced', '2 cloves garlic, minced', '1 pinch red pepper flakes', '1 pound shrimp, peeled and deveined', '1 pinch kosher salt and freshly ground pepper', '½ cup dry white wine', '1 lemon, juiced', '2 tablespoons butter', '2 tablespoons extra-virgin olive oil', '¼ cup finely chopped fresh parsley leaves', '1 teaspoon extra-virgin olive oil, or to taste']","Bring a large pot of salted water to a boil; cook linguine in boiling water until nearly tender, 6 to 8 minutes. Drain.
Melt 2 tablespoons butter with 2 tablespoons olive oil in a large skillet over medium heat. Cook and stir shallots, garlic, and red pepper flakes in the hot butter and oil until shallots are translucent, 3 to 4 minutes. Season shrimp with kosher salt and black pepper; add to the skillet and cook until pink, stirring occasionally, 2 to 3 minutes. Remove shrimp from skillet and keep warm.
Pour white wine and lemon juice into skillet and bring to a boil while scraping the browned bits of food off of the bottom of the skillet with a wooden spoon. Melt 2 tablespoons butter in skillet, stir 2 tablespoons olive oil into butter mixture, and bring to a simmer. Toss linguine, shrimp, and parsley in the butter mixture until coated; season with salt and black pepper. Drizzle with 1 teaspoon olive oil to serve.",https://imagesvc.meredithcorp.io/v3/mm/image?url=https%3A%2F%2Fimages.media-allrecipes.com%2Fuserphotos%2F2606852.jpg,allrecipes.com
Salmon Patties I,25,4 to 6 servings,"['1 (14.75 ounce) can canned salmon', '1 egg', '¼ cup chopped onion', '½ cup seasoned dry bread crumbs', '1 tablespoon olive oil']","Drain and reserve liquid from salmon. Mix egg, onion, bread crumbs and salmon together.
Make into patties. If mixture is too dry to form into patties, add reserved liquid from salmon.
In a frying pan, heat olive oil. Place patties in pan. Brown on each side, turning gently. Drain on paper towels and serve.",https://imagesvc.meredithcorp.io/v3/mm/image?url=https%3A%2F%2Fimages.media-allrecipes.com%2Fuserphotos%2F7697013.jpg,allrecipes.com
Grilled Salmon I,151,6 servings,"['1 ½ pounds salmon fillets', 'lemon pepper to taste', 'garlic powder to taste', 'salt to taste', '⅓ cup soy sauce', '⅓ cup brown sugar', '⅓ cup water', '¼ cup vegetable oil']","Season salmon fillets with lemon pepper, garlic powder, and salt.
In a small bowl, stir together soy sauce, brown sugar, water, and vegetable oil until sugar is dissolved. Place fish in a large resealable plastic bag with the soy sauce mixture, seal, and turn to coat. Refrigerate for at least 2 hours.
Preheat grill for medium heat.
Lightly oil grill grate. Place salmon on the preheated grill, and discard marinade. Cook salmon for 6 to 8 minutes per side, or until the fish flakes easily with a fork.",https://imagesvc.meredithcorp.io/v3/mm/image?url=https%3A%2F%2Fimages.media-allrecipes.com%2Fuserphotos%2F800839.jpg,allrecipes.com
